<?xml version="1.0" encoding="UTF-8"?>
<updatelist application="Jubler" baseurl="http://www.jubler.org/files/updates" icon="icons/jubler.png" jupidator="600">

	<mirror constructor="${URL}${FILEBASE}-${FILEPATH}${FILEEXT}${FILECOMPR}" url="http://jubler.googlecode.com/files/Jubler-"/>

    <architect tag="any" os="" arch="">
        <launcher exec="${JAVABIN}">
            <argument value="-jar"/>
            <argument value="${APPHOME}/Jubler.jar"/>
        </launcher>
    </architect>

    <architect tag="macosx" os="mac" arch="i386">
        <launcher exec="${APPHOME}/../../MacOS/JavaApplicationStub"/>
    </architect>

    <architect tag="macosx" os="mac" arch="ppc">
        <launcher exec="${APPHOME}/../../MacOS/JavaApplicationStub"/>
    </architect>

    <architect tag="macosx" os="mac" arch="x86">
        <launcher exec="${APPHOME}/../../MacOS/JavaApplicationStub"/>
    </architect>

    <architect tag="linux_i386" os="Linux" arch="i386">
        <launcher exec="${JAVABIN}">
            <argument value="-jar"/>
            <argument value="${APPHOME}/Jubler.jar"/>
        </launcher>
    </architect>

    <architect tag="linux_amd64" os="Linux" arch="amd64">
        <launcher exec="${JAVABIN}">
            <argument value="-jar"/>
            <argument value="${APPHOME}/Jubler.jar"/>
        </launcher>
    </architect>

    <architect tag="win32" os="Windows" arch="x86">
        <launcher exec="${APPHOME}\Jubler.exe"/>
    </architect>

	<version release="1106" version="4.6.1">
		<description>
			Fixed ffdecode library for 64 bit Mac OS X. Dutch translation.
		</description>
		<arch name="win32">
			<file name="Jubler.exe" sourcedir="4.6.1" destdir="${APPHOME}" size="720681" compress="gz"/>
		</arch>
		<arch name="macosx">	
			<file name="Info.plist" sourcedir="4.6.1" destdir="${APPHOME}/../../" size="601" compress="gz"/>
			<file name="Jubler.jar" sourcedir="4.6.1" destdir="${APPHOME}" size="675217" compress="gz"/>
			<file name="libffdecode.jnilib" sourcedir="4.6.1" destdir="${APPHOME}/lib" size="4902215" compress="gz"/>
		</arch>
		<arch name="any">
			<file name="Jubler.jar" sourcedir="4.6.1" destdir="${APPHOME}" size="675217" compress="gz"/>
		</arch>
		<arch name="all">
			<file name="nl.jar" sourcedir="4.6.1" destdir="${APPHOME}/i18n" size="29264" compress="gz"/>
		</arch>
	</version>

	<version release="1083" version="4.6">
		<description>
			Plugin system introduced. Updates to GoogleTranslate, MPlayer. Many bug fixes ans minor improvements.
		</description>
		<arch name="win32">
			<file name="Jubler.exe" sourcedir="4.6" destdir="${APPHOME}" size="720582" compress="gz"/>
		</arch>
		<arch name="macosx">
			<file name="Info.plist" sourcedir="4.6" destdir="${APPHOME}/../../" size="599" compress="gz"/>
			<file name="Jubler.jar" sourcedir="4.6" destdir="${APPHOME}" size="675200" compress="gz"/>
			<file name="macapp.jar" sourcedir="4.6" destdir="${APPHOME}/lib/" size="4565"/>
		</arch>
		<arch name="any">
			<file name="Jubler.jar" sourcedir="4.6" destdir="${APPHOME}" size="675200" compress="gz"/>
		</arch>
		<arch name="all">
			<file name="aspell.jar" sourcedir="4.6" destdir="${APPHOME}/lib/" size="6578"/>
			<file name="autoupdate.jar" sourcedir="4.6" destdir="${APPHOME}/lib/" size="1940"/>
			<file name="basetextsubs.jar" sourcedir="4.6" destdir="${APPHOME}/lib/" size="20847"/>
			<file name="googletranslate.jar" sourcedir="4.6" destdir="${APPHOME}/lib/" size="18881"/>
			<file name="mplayer.jar" sourcedir="4.6" destdir="${APPHOME}/lib/" size="8032"/>
			<file name="zemberek.jar" sourcedir="4.6" destdir="${APPHOME}/lib/" size="3193"/>
			<file name="cs.jar" sourcedir="4.6" destdir="${APPHOME}/i18n/" size="28377"/>
			<file name="de.jar" sourcedir="4.6" destdir="${APPHOME}/i18n/" size="27379"/>
			<file name="el.jar" sourcedir="4.6" destdir="${APPHOME}/i18n/" size="33120"/>
			<file name="es.jar" sourcedir="4.6" destdir="${APPHOME}/i18n/" size="29243"/>
			<file name="fr.jar" sourcedir="4.6" destdir="${APPHOME}/i18n/" size="30089"/>
			<file name="it.jar" sourcedir="4.6" destdir="${APPHOME}/i18n/" size="30813"/>
			<file name="pt.jar" sourcedir="4.6" destdir="${APPHOME}/i18n/" size="29012"/>
			<file name="sr.jar" sourcedir="4.6" destdir="${APPHOME}/i18n/" size="20194"/>
			<file name="tr.jar" sourcedir="4.6" destdir="${APPHOME}/i18n/" size="27872"/>
			<file name="jubler-faq.html" sourcedir="4.6" destdir="${APPHOME}/help/" size="5402" compress="gz"/>
		</arch>
	</version>

	<version release="775" version="4.1.3">
        <description>
			Fixed Save not wroking. Fixed Recents menu, when display non-existent entries.
        </description>
		<arch name="win32">
            <file name="Jubler.exe" sourcedir="4.1.3" destdir="${APPHOME}" size="750826" compress="gz"/>
		</arch>
		<arch name="any">
            <file name="Jubler.jar" sourcedir="4.1.3" destdir="${APPHOME}" size="706856" compress="gz"/>
		</arch>
	</version>

	<version release="684" version="4.1.2">
        <description>
			Fixed a bug in x64 version of Windows. Fixed a bug in trimmed 64-bit Leopard.
        </description>
		<arch name="win32">
            <file name="Jubler.exe" sourcedir="4.1.2" destdir="${APPHOME}" size="750138" compress="gz"/>
		</arch>
		<arch name="macosx">
            <file name="Jubler.jar" sourcedir="4.1.2" destdir="${APPHOME}" size="706775" compress="gz"/>
            <file name="JavaApplicationStub" sourcedir="4.1.2" destdir="${APPHOME}/../../MacOS" size="8714" compress="gz"/>
            <chmod file="${APPHOME}/../../MacOS/JavaApplicationStub" attr="a+x"/>
		</arch>
	</version>

    <version release="681" version="4.1.1">
        <description>
			Updated auto-update library. Fixed bug not updating Recents menu. Fixed bug agressively truncating save file name. Modular translation files.
        </description>
		<arch name="macosx">
            <file name="Jubler.jar" sourcedir="4.1.1" destdir="${APPHOME}" size="706794" compress="gz"/>
            <file name="jupidator.jar" sourcedir="4.1.1" destdir="${APPHOME}/lib" size="121077"/>
            <file name="cs.jar" sourcedir="4.1.1" destdir="${APPHOME}/i18n" size="28706"/>
            <file name="de.jar" sourcedir="4.1.1" destdir="${APPHOME}/i18n" size="29094"/>
            <file name="el.jar" sourcedir="4.1.1" destdir="${APPHOME}/i18n" size="31983"/>
            <file name="es.jar" sourcedir="4.1.1" destdir="${APPHOME}/i18n" size="29504"/>
            <file name="fr.jar" sourcedir="4.1.1" destdir="${APPHOME}/i18n" size="21845"/>
            <file name="pt.jar" sourcedir="4.1.1" destdir="${APPHOME}/i18n" size="29361"/>
            <file name="sr.jar" sourcedir="4.1.1" destdir="${APPHOME}/i18n" size="20822"/>
            <file name="tr.jar" sourcedir="4.1.1" destdir="${APPHOME}/i18n" size="29658"/>
		</arch>
		<arch name="win32">
            <file name="Jubler.exe" sourcedir="4.1.1" destdir="${APPHOME}" size="750790" compress="gz"/>
            <file name="jupidator.jar" sourcedir="4.1.1" destdir="${APPHOME}/lib" size="121077"/>
            <file name="cs.jar" sourcedir="4.1.1" destdir="${APPHOME}/i18n" size="28706"/>
            <file name="de.jar" sourcedir="4.1.1" destdir="${APPHOME}/i18n" size="29094"/>
            <file name="el.jar" sourcedir="4.1.1" destdir="${APPHOME}/i18n" size="31983"/>
            <file name="es.jar" sourcedir="4.1.1" destdir="${APPHOME}/i18n" size="29504"/>
            <file name="fr.jar" sourcedir="4.1.1" destdir="${APPHOME}/i18n" size="21845"/>
            <file name="pt.jar" sourcedir="4.1.1" destdir="${APPHOME}/i18n" size="29361"/>
            <file name="sr.jar" sourcedir="4.1.1" destdir="${APPHOME}/i18n" size="20822"/>
            <file name="tr.jar" sourcedir="4.1.1" destdir="${APPHOME}/i18n" size="29658"/>
		</arch>
		<arch name="linux_amd64">
            <file name="Jubler.jar" sourcedir="4.1.1" destdir="${APPHOME}" size="706794" compress="gz"/>
            <file name="jupidator.jar" sourcedir="4.1.1" destdir="${APPHOME}/lib" size="121077"/>
            <file name="cs.jar" sourcedir="4.1.1" destdir="${APPHOME}/i18n" size="28706"/>
            <file name="de.jar" sourcedir="4.1.1" destdir="${APPHOME}/i18n" size="29094"/>
            <file name="el.jar" sourcedir="4.1.1" destdir="${APPHOME}/i18n" size="31983"/>
            <file name="es.jar" sourcedir="4.1.1" destdir="${APPHOME}/i18n" size="29504"/>
            <file name="fr.jar" sourcedir="4.1.1" destdir="${APPHOME}/i18n" size="21845"/>
            <file name="pt.jar" sourcedir="4.1.1" destdir="${APPHOME}/i18n" size="29361"/>
            <file name="sr.jar" sourcedir="4.1.1" destdir="${APPHOME}/i18n" size="20822"/>
            <file name="tr.jar" sourcedir="4.1.1" destdir="${APPHOME}/i18n" size="29658"/>
		</arch>
		<arch name="linux_i386">
            <file name="Jubler.jar" sourcedir="4.1.1" destdir="${APPHOME}" size="706794" compress="gz"/>
            <file name="jupidator.jar" sourcedir="4.1.1" destdir="${APPHOME}/lib" size="121077"/>
            <file name="cs.jar" sourcedir="4.1.1" destdir="${APPHOME}/i18n" size="28706"/>
            <file name="de.jar" sourcedir="4.1.1" destdir="${APPHOME}/i18n" size="29094"/>
            <file name="el.jar" sourcedir="4.1.1" destdir="${APPHOME}/i18n" size="31983"/>
            <file name="es.jar" sourcedir="4.1.1" destdir="${APPHOME}/i18n" size="29504"/>
            <file name="fr.jar" sourcedir="4.1.1" destdir="${APPHOME}/i18n" size="21845"/>
            <file name="pt.jar" sourcedir="4.1.1" destdir="${APPHOME}/i18n" size="29361"/>
            <file name="sr.jar" sourcedir="4.1.1" destdir="${APPHOME}/i18n" size="20822"/>
            <file name="tr.jar" sourcedir="4.1.1" destdir="${APPHOME}/i18n" size="29658"/>
		</arch>
		<arch name="any">
            <file name="Jubler.jar" sourcedir="4.1.1" destdir="${APPHOME}" size="706794" compress="gz"/>
            <file name="jupidator.jar" sourcedir="4.1.1" destdir="${APPHOME}/lib" size="121077"/>
            <file name="cs.jar" sourcedir="4.1.1" destdir="${APPHOME}/i18n" size="28706"/>
            <file name="de.jar" sourcedir="4.1.1" destdir="${APPHOME}/i18n" size="29094"/>
            <file name="el.jar" sourcedir="4.1.1" destdir="${APPHOME}/i18n" size="31983"/>
            <file name="es.jar" sourcedir="4.1.1" destdir="${APPHOME}/i18n" size="29504"/>
            <file name="fr.jar" sourcedir="4.1.1" destdir="${APPHOME}/i18n" size="21845"/>
            <file name="pt.jar" sourcedir="4.1.1" destdir="${APPHOME}/i18n" size="29361"/>
            <file name="sr.jar" sourcedir="4.1.1" destdir="${APPHOME}/i18n" size="20822"/>
            <file name="tr.jar" sourcedir="4.1.1" destdir="${APPHOME}/i18n" size="29658"/>
		</arch>
    </version>

    <version release="669" version="4.1">
        <description>
            Only one instance of Jubler is now run in a system. Every file remembers loading parameters and uses it when saving. Improved load/save dialog, which encapsulates the information inside the load dialog. General GUI improvements, especially in Mac OSX. Relaxed file loading, when file contains encoding errors. Improved subtitle support. Improved visuals in Video Console window. More compact Preferences dialog. Minor changes and bug fixes.
        </description>
		<arch name="macosx">
            <file name="Jubler.jar" sourcedir="4.1" destdir="${APPHOME}" size="924599" compress="bzip2"/>
		</arch>
		<arch name="win32">
            <file name="Jubler.exe" sourcedir="4.1" destdir="${APPHOME}" size="975784" compress="bzip2"/>
		</arch>
		<arch name="linux_i386">
            <file name="Jubler.jar" sourcedir="4.1" destdir="${APPHOME}" size="924599" compress="bzip2"/>
		</arch>
		<arch name="linux_amd64">
            <file name="Jubler.jar" sourcedir="4.1" destdir="${APPHOME}" size="924599" compress="bzip2"/>
		</arch>
		<arch name="any">
            <file name="Jubler.jar" sourcedir="4.1" destdir="${APPHOME}" size="924599" compress="bzip2"/>
		</arch>
    </version>

    <version release="559" version="4.0">
        <description>
	Auto-update support. Jubler is able to smart update with minimum user interaction. Improved time fixed tool for overlapping subtitles. Improved FFMPEG color model.
        </description>
    </version>
    <version release="22" version="3.9.6">
        <description>
	Improved Google translator parsing engine. Fixed compile issues with ffmpeg under OS X 10.4. Fixed Linux GTK Look and Feel bug with time-spinner under Java 6.0.
        </description>
    </version>
    <version release="21" version="3.9.5">
        <description>
	Autosave/recovery of changed subtitles. Automatic translate of subtitles through Google. Updated to latest FFMPEG.  Small GUI improvements. Better SRT support. Minor bug fixes and enhancements.
        </description>
    </version>
    <version release="20" version="3.9.0">
        <description>
	Improved user interface. Preview interface integrated inside main Jubler window. Subtitle number is now visible, if desired. Use of preset file encodings. Visual display, using color, of affected subtitles. Maximize waveform visualization. Support of AAC audio streams.
        </description>
    </version>
    <version release="19" version="3.4.1">
        <description>
	MPlayer uses threads to properly handle out and error stream. Updated to latest	ffmpeg library. Support of correct MIME type under Linux.
        </description>
    </version>
    <version release="18" version="3.4.0">
        <description>
	SRT supports font formatting. Subtitle statistics. Better handling of preview bars. Improved splitting interface. Updated Media files configuration. Display number of lines and characters per line while editing. MPlayer display formatted subtitles - use of ASS format instead of SRT. Linux man and doc paths fixed.  Support for Quicktime Texttrack subtitles. Fixed an error with MPL2 subtitles.  Frame icon now properly display under Windows/Linux. Quit confirmation dialogue properly works under Mac. Check for new version only once per day.  Better display of selected subtitles. Fixed serious memory allocation error in Windows. Various bug fixes and updates.
        </description>
    </version>
    <version release="17" version="3.3.0">
        <description>
	Automatic detection of MPlayer/ASpell executables. Preview window GUI updates.  Alt-mousewheel / alt-click slows down rotation in JTimeSpinner boxes.  Support for Spruce DVDMaestro (STL) and MPL2 subtitles (without formatting).  Fixed autoload for Java 1.6 in Linux. Added missing tooltips. Fixed gettext bug with ' character. Improved ffmpeg support. Keep application alive if "Close window" is selected. New window will not fully overlap old one.  Spanish, French and Serbian translations introduced. Czech, German, Portuguese and Greek translation corrections. Various bug fixes and usability improvements.
        </description>
    </version>
    <version release="16" version="3.2.0">
        <description>
	Doube click on icons launch Jubler (in Mac OSX, Windows and Debian systems).  MPlayer fixes. Jubler installs in systems with JRE 1.6. MPlayer supports different audio stream. Video playback doesn't change system mixers. FFMPEG time offset and WMV bug fixes. Better handling of audio caches. Updated to newer version of FFMPEG. ASpell updates supported languages when opening preferences. Major internal changes and cleanups. Initial Debian package.
        </description>
    </version>
    <version release="15" version="3.1.0">
        <description>
	Read frames per second from the movie now supported. Movie synchronization on the fly, based on time differences between time points supported. Updated recoring of subtitles on the fly. A lot of fine tuning. Zemberek updates.
        </description>
    </version>
    <version release="14" version="3.0.0">
        <description>
	FFDecode bugs fixed, preview should be much more stable and accurate. Preview bug fixed, where wrong duration was reported. Tools remember last values.  Column width is now saved. Now it is compatible with latest version of MPlayer.  Updated to newest ffmpeg sources. Turkish translation added. Support for zemberek added. Preliminary built-in FAQ subsystem. Tweaks and code changes.  New icons and splash screen. Linux installation script fixes. Supports cocoASpell under Mac OSX.
        </description>
    </version>
    <version release="13" version="3.0.0-rc4">
        <description>
	Fixed bugs: audio line not closing, saving file with an illegal character set, banner not closing, Jubler crashing when audio codec could not be opened, Jubler didn't start under Linux. Mac OSX port is now universal binary.  Synchronize subtitle texts and timestamps. Subtitle preview updates live on key events. Automatic version check through internet. Smaller code changes.
        </description>
    </version>
    <version release="12" version="3.0.0-rc3">
        <description>
	Initial Mac OS X version. Big endian bugs fixed. "Quit" introduced. Menu shortcuts are now editable. MPlayer threading issues fixed. Cache is created only when needed. Full AC3 support.
        </description>
    </version>
    <version release="11" version="3.0.0-rc2">
        <description>
	Great speedup improvements were made on subtitle preview. Alpha channel values in SSA/ASS format were flipped. MPlayer options may now be edited. Recent items are sorted according to their call. A bug with the installer not properly detecting JRE was fixed. Subtitle preview fixes were done.
        </description>
    </version>
    <version release="10" version="3.0.0-rc1">
        <description>
	Czech translation. Subtitle text display on frame preview (draft and full details) using Java 2D. Default display frame when no library is present, or no actual frame preview is required. When FFDecode library is missing, a notice is displayed and no more a popup dialog appers. Subtitle is movable on wave panel too (in preview). Display subtitle time when moving subtitles in preview. Revert, clone and open recent subtitles in File menu. Video preview in normal and half size. Reparent current subtitles (for translations). MPlayer now supports default font size (and font name in Linux). Only static version of ffmpeg for linux is provided. Varius bug fixes.
        </description>
    </version>
    <version release="9" version="2.9.9">
        <description>
	Preview of subtitles added (dependance on FFMPEG library). Frame preview of the current frame, waveform preview and waveform listening is supported.  Graphically display of subtitles, which can be moved and resized. Jubler no longer distributed as JAR file but using self expandable platform specific installers (due to FFMPEG). Mouse wheel over subtitle time changes its value.  Various bug fixes and other enchacements.
        </description>
    </version>
    <version release="8" version="2.5.1">
        <description>
	Fix while trying to save a splitted subtitle file.
        </description>
    </version>
    <version release="7" version="2.5.0">
        <description>
	Suport for SubStation Alpha (SSA), Advanced SubStation (ASS), and SubViewer (1+2) subtitle formats. A German translation. Styles are supported (when saving in SubStation formats). A translating mode. A lot of fine tuning and bugfixes.
        </description>
    </version>
    <version release="6" version="2.0.0">
        <description>
	Mostly code cleanup and changes in the "about" box.
        </description>
    </version>
    <version release="5" version="2.0-rc1">
        <description>
	This version adds I18n support through gettext.
        </description>
    </version>
    <version release="4" version="1.9.3">
        <description>
	Find and replace and global replace features were added. The focus of the subtitle textbox was fixed.
        </description>
    </version>
    <version release="3" version="1.9.1">
        <description>
	Enhancements were made to the command line arguments of mplayer in order to play correctly under the Windows ports of MPlayer. A few unimportant corrections were made to the ASpell options.
        </description>
    </version>
    <version release="2" version="1.9.0">
        <description>
	This version has great improvements in the mplayer frontend, ASpell support, GUI lifting, and new tools.
        </description>
    </version>
    <version release="1" version="0.9">
        <description>
	Initial announcement
        </description>
    </version>
</updatelist>