{
   "abstract" : "Continuous integration tool, repository manager for Gentoo or your Entropy server",
   "author" : [
      "mudler <mudler@dark-lab.net>, skullbocks <skullbocks@dark-lab.net>"
   ],
   "dynamic_config" : 0,
   "generated_by" : "Minilla/v2.2.1, CPAN::Meta::Converter version 2.142060",
   "license" : [
      "perl_5"
   ],
   "meta-spec" : {
      "url" : "http://search.cpan.org/perldoc?CPAN::Meta::Spec",
      "version" : "2"
   },
   "name" : "App-witchcraft",
   "no_index" : {
      "directory" : [
         "t",
         "xt",
         "inc",
         "share",
         "eg",
         "examples",
         "author",
         "builder"
      ]
   },
   "prereqs" : {
      "configure" : {
         "requires" : {
            "Module::Build" : "0.38"
         }
      },
      "develop" : {
         "requires" : {
            "Test::CPAN::Meta" : "0",
            "Test::MinimumVersion::Fast" : "0.04",
            "Test::PAUSE::Permissions" : "0.04",
            "Test::Pod" : "1.41",
            "Test::Spellunker" : "v0.2.7"
         }
      },
      "runtime" : {
         "requires" : {
            "App::CLI" : "0",
            "App::CLI::Command" : "0",
            "App::CLI::Command::Help" : "0",
            "App::Nopaste" : "0",
            "Carp::Always" : "0",
            "Child" : "0",
            "Config::Simple" : "0",
            "DateTime" : "0",
            "Deeme::Obj" : "0",
            "Digest::MD5" : "0",
            "Encode" : "0",
            "File::Path" : "0",
            "Git::Sub" : "0",
            "Github::Hooks::Receiver" : "0",
            "HTTP::Request::Common" : "0",
            "IPC::Run3" : "0",
            "LWP::UserAgent" : "0",
            "Locale::Messages" : "0",
            "Locale::TextDomain" : "0",
            "Module::Build" : "0.35",
            "Regexp::Common" : "0",
            "Term::ANSIColor" : "0",
            "Term::ReadKey" : "0",
            "forks" : "0",
            "perl" : "5.008005"
         }
      },
      "test" : {
         "requires" : {
            "Test::More" : "0"
         }
      }
   },
   "release_status" : "unstable",
   "resources" : {
      "repository" : {
         "type" : "git",
         "url" : "git://dev.dark-lab.net/2222/spike/app-witchcraft.git"
      }
   },
   "version" : "0.02",
   "x_contributors" : [
      "skullbocks <dgikille@gmail.com>"
   ]
}
