<?xml version="1.0" encoding="UTF-8"?>
<!DOCTYPE pkgmetadata SYSTEM "http://www.gentoo.org/dtd/metadata.dtd">
<pkgmetadata>
  <maintainer type="person">
    <email>slawomir.nizio@sabayon.org</email>
    <description>maintainer for split Transmission ebuilds based on Gentoo one</description>
  </maintainer>	
  <use>
    <flag name='lightweight'>Optimize transmission for low-resource systems (smaller cache size, prefer unencrypted peer connections, etc.)</flag>
    <flag name='xfs'>Enable XFS filesystem capabilities by using <pkg>sys-fs/xfsprogs</pkg> headers (in building of fdlimit(.c))</flag>
  </use>
</pkgmetadata>
