<?xml version="1.0" encoding="UTF-8"?>
<!DOCTYPE pkgmetadata SYSTEM "http://www.gentoo.org/dtd/metadata.dtd">
<pkgmetadata>
  <herd>comm-fax</herd>
  <maintainer>
    <email>nerdboy@gentoo.org</email>
    <name>Steve Arnold</name>
    <description>Primary Maintainer</description>
  </maintainer>
  <longdescription>HylaFAX(tm) client-server fax system with email gateway, paging, and multi-platform client support.</longdescription>
  <longdescription lang="ja">
HylaFAX(tm) はメールゲートウェイ、ページング、マルチプラットフォーム・クライアントをサポートした
クライアント/サーバ・FAX・システムです。
</longdescription>
  <use>
    <flag name="html">Adds HTML documentation</flag>
    <flag name="mgetty">Adds support for mgetty and vgetty</flag>
  </use>
</pkgmetadata>
