<?xml version="1.0" encoding="UTF-8"?>
<!DOCTYPE pkgmetadata SYSTEM "http://www.gentoo.org/dtd/metadata.dtd">
<pkgmetadata>
<herd>no-herd</herd>
<maintainer>
	<email>swegener@gentoo.org</email>
</maintainer>
<use>
	<flag name='autoipd'>Build and install the IPv4LL (RFC3927) network address
		configuration daemon</flag>
	<flag name='bookmarks'>Install the avahi-bookmarks application (requires
		<pkg>dev-python/twisted</pkg>)</flag>
	<flag name='howl-compat'>Enable compat libraries for howl</flag>
	<flag name='mdnsresponder-compat'>Enable compat libraries for
		mDNSResponder</flag>
</use>
</pkgmetadata>
