<?xml version="1.0" encoding="UTF-8"?>
<!DOCTYPE pkgmetadata SYSTEM "http://www.gentoo.org/dtd/metadata.dtd">
<pkgmetadata>
<herd>video</herd>
<maintainer>
  <email>media-video@gentoo.org</email>
</maintainer>
<use>
	<flag name="compressed-lumas">Compress the luma files in png.</flag>
	<flag name="frei0r">Build the module for <pkg>media-plugins/frei0r-plugins</pkg></flag>
	<flag name="melt">Build the melt commandline tool</flag>
	<flag name="lua">Build SWIG bindings for Lua</flag>
	<flag name="kdenlive">Build support for <pkg>media-video/kdenlive</pkg></flag>
	<flag name="python">Build SWIG bindings for Python</flag>
	<flag name="rtaudio">Builds rtaudio consumer for native audio support on multiple platforms.</flag>
	<flag name="ruby">Build SWIG bindings for Ruby</flag>
	<flag name="swfdec">Use <pkg>media-libs/swfdec</pkg> for reading .swf files (Macromedia Flash) instead of libavformat.</flag>
	<!--
	<flag name="java">Build SWIG bindings for Java</flag>
	<flag name="perl">Build SWIG bindings for Perl</flag>
	<flag name="php">Build SWIG bindings for PHP</flag>
	<flag name="tcl">Build SWIG bindings for TCL</flag>
	-->
</use>
</pkgmetadata>

