{
   "abstract" : "a layman equivalent for entropy repositories",
   "author" : [
      "mudler <mudler@sabayon.org>"
   ],
   "dynamic_config" : 0,
   "generated_by" : "Minilla/v3.0.4, CPAN::Meta::Converter version 2.150001",
   "license" : [
      "perl_5"
   ],
   "meta-spec" : {
      "url" : "http://search.cpan.org/perldoc?CPAN::Meta::Spec",
      "version" : "2"
   },
   "name" : "App-enman",
   "no_index" : {
      "directory" : [
         "t",
         "xt",
         "inc",
         "share",
         "eg",
         "examples",
         "author",
         "builder"
      ]
   },
   "prereqs" : {
      "configure" : {
         "requires" : {
            "Module::Build::Tiny" : "0.035"
         }
      },
      "develop" : {
         "requires" : {
            "Test::CPAN::Meta" : "0",
            "Test::MinimumVersion::Fast" : "0.04",
            "Test::PAUSE::Permissions" : "0.04",
            "Test::Pod" : "1.41",
            "Test::Spellunker" : "v0.2.7"
         }
      },
      "runtime" : {
         "requires" : {
            "App::Cmd" : "0",
            "Encode" : "0",
            "JSON" : "0",
            "LWP::Protocol::https" : "0",
            "LWP::Simple" : "0",
            "Locale::TextDomain" : "0",
            "Term::ANSIColor" : "0",
            "perl" : "0"
         }
      },
      "test" : {
         "requires" : {
            "Test::More" : "0.98"
         }
      }
   },
   "release_status" : "unstable",
   "resources" : {
      "bugtracker" : {
         "web" : "https://github.com/Sabayon/enman/issues"
      },
      "homepage" : "https://github.com/Sabayon/enman",
      "repository" : {
         "type" : "git",
         "url" : "git://github.com/Sabayon/enman.git",
         "web" : "https://github.com/Sabayon/enman"
      }
   },
   "version" : "1.0",
   "x_authority" : "cpan:MUDLER"
}
