<?xml version="1.0" encoding="UTF-8"?>
<!DOCTYPE repositories SYSTEM "/dtd/repositories.dtd">
<repositories xmlns="" version="1.0">
  <repo quality="experimental" status="unofficial">
    <name>zeldin</name>
    <description>experimental ebuilds from zeldin</description>
    <homepage>http://github.com/zeldin/gentoo.overlay</homepage>
    <owner>
      <email>marcus@mc.pp.se</email>
      <name>Marcus Comstedt</name>
    </owner>
    <source type="git">git://github.com/zeldin/gentoo.overlay.git</source>
    <source type="git">http://github.com/zeldin/gentoo.overlay.git</source>
    <feed>http://github.com/zeldin/gentoo.overlay/commits/master.atom</feed>
  </repo>
</repositories>
