<?xml version="1.0" encoding="UTF-8"?>
<!DOCTYPE pkgmetadata SYSTEM "http://www.gentoo.org/dtd/metadata.dtd">
<pkgmetadata>
<herd>toolchain</herd>
<use>
 <flag name='gd'>build memusage and memusagestat tools</flag>
 <flag name='nscd'>Build, and enable support for, the Name Service Cache Daemon</flag>
 <flag name='suid'>Make internal pt_chown helper setuid -- not needed if using Linux and have /dev/pts mounted with gid=5</flag>
 <flag name='systemtap'>enable systemtap static probe points</flag>
</use>
</pkgmetadata>
