<?xml version="1.0" encoding="UTF-8"?>
<!DOCTYPE pkgmetadata SYSTEM "http://www.gentoo.org/dtd/metadata.dtd">
<pkgmetadata>
	<maintainer type="person">
		<email>patrick@gentoo.org</email>
		<name>Patrick Lauer</name>
	</maintainer>
	<maintainer type="person">
		<email>johu@gentoo.org</email>
		<name>Johannes Huber</name>
	</maintainer>
	<use>
		<flag name="monolithic">
			Build Standalone client with integrated core, no external
			quasselcore needed. Only useful if you don't want to use quassels
			client/server model. The server and X flags are not needed in this
			case but it is possible to enable them too.
		</flag>
		<flag name="phonon">
			Build client with phonon backend support. This enables sound
			playback in client.
		</flag>
		<flag name="server">
			Build the server binary. If this USE flag is disabled, the
			'core' server binary for quassel is not built, and cannot be
			used. You need this enabled on the server, but you might want to
			disable it on the client.
		</flag>
		<flag name="snorenotify">
			Support for snore notification framework.
		</flag>
		<flag name="webkit">
			Use qt-webkit rendering engine for showing URL thumbnails and
			for other things that need web browser integration.
		</flag>
		<flag name="X">
			Build the Qt 4 GUI client for quassel. If this USE flag is
			disabled, the GUI is not built, and cannot be used. You might
			want to disable this on the server, but you need it enabled on
			the client.
		</flag>
		<flag name="crypt">
			Support core-&gt;network per-channel and per-query blowfish
			encryption via <pkg>app-crypt/qca:2</pkg>.
		</flag>
	</use>
</pkgmetadata>
