<?xml version="1.0" encoding="UTF-8"?>
<!DOCTYPE pkgmetadata SYSTEM "http://www.gentoo.org/dtd/metadata.dtd">
<pkgmetadata>
<herd>sound</herd>
<maintainer>
<email>hwoarang@gentoo.org</email>
<name>Markos Chandras</name>
</maintainer>
<maintainer>
<email>dirk.vdb@gmail.com</email>
<name>Dirk Vanden Boer</name>
<description>Proxy maintainer and upstream developer. Please CC him on bugs</description>
</maintainer>
<use>
<flag name="audioscrobbler">Enable track submission on last.fm</flag>
</use>
<longdescription lang="en">
</longdescription>
</pkgmetadata>

