<?xml version="1.0" encoding="UTF-8"?>
<!DOCTYPE pkgmetadata SYSTEM "http://www.gentoo.org/dtd/metadata.dtd">
<pkgmetadata>
	<maintainer>
		<email>jekarlson@gmail.com</email>
		<description>Proxy maintainer, CC him on bugs.</description>
	</maintainer>
	<use>
		<flag name='modules'>Build the kernel modules</flag>
		<flag name='gdm-hack'>Do a potentially dangerous binary search and replace to fix gdm compatibility</flag>
		<flag name='pax_kernel'>Enable pax kernel specific patches</flag>
	</use>
</pkgmetadata>
